Strike,Maturity,Price,Delta,Vega,Delta Strike,Gamma Strike,Theta,ChangedStrike,DividendFactor,Strike,Maturity,ImpliedVol
4107.46,0.2,0.7986580323738259,-0.003630921095459648,27.27404035569915,0.006744100908278483,-9.368553034354679e-06,24.378884516512926,4066.3900908219816,1.0011091232299805,4107.46,0.2,0.275
4284.76,0.2,2.9943582546688106,-0.011667035190866206,76.53292734095027,0.021498666055955074,-1.5921178589460622e-05,75.93863874098861,4241.917293303013,1.0011091232299805,4284.76,0.2,0.284375
4462.06,0.2,7.265881910448115,-0.025641556903640145,149.89734073362274,0.04673237561845056,-1.581215144662277e-05,159.8866297166769,4417.444495784045,1.0011091232299805,4462.06,0.2,0.284375
4639.36,0.2,14.564213971511037,-0.04764486685923491,249.16657997627956,0.08596074486216909,-2.826189468446889e-06,280.9458188302124,4592.971698265075,1.0011091232299805,4639.36,0.2,0.27968699999999996
4816.66,0.2,28.336529781917932,-0.08425100573473143,388.130652081858,0.15156351384290767,3.699068702888564e-05,461.7602684483036,4768.498900746107,1.0011091232299805,4816.66,0.2,0.27773400000000004
4993.96,0.2,44.37099416308661,-0.12751558814201874,524.1021812324548,0.22780897511481735,0.0001036551889694162,633.4188498466146,4944.026103227138,1.0011091232299805,4993.96,0.2,0.263477
5171.26,0.2,73.04215833864077,-0.19402002793580464,690.1539451833532,0.348355664012278,0.00023158461033327856,837.660766403329,5119.55330570817,1.0011091232299805,5171.26,0.2,0.25605500000000003
5348.56,0.2,105.98083655446385,-0.27299394510022923,834.785764200402,0.492951388051877,0.0004291595016452281,948.6881723914175,5295.080508189202,1.0011091232299805,5348.56,0.2,0.237891
5525.86,0.2,162.1857761973056,-0.38041590987248936,956.3518458570492,0.7023952710760311,0.0007335168755140583,892.2883183930435,5470.607710670232,1.0011091232299805,5525.86,0.2,0.229395
5703.16,0.2,227.86119453375977,-0.505016014868114,1001.6190901134097,0.9619882796042711,0.0011959681703183989,359.770626268029,5646.134913151264,1.0011091232299805,5703.16,0.2,0.21054699999999998
5880.46,0.2,332.87152286765513,-0.6334242658355663,945.1402189914687,1.2677258746789244,0.0016516110913944925,-898.4729922964507,5821.662115632295,1.0011091232299805,5880.46,0.2,0.208984
6057.76,0.2,442.7530470493575,-0.7722099050314564,758.3055267251309,1.6630427850985425,0.002418370059951322,-4009.7277138776117,5997.189318113327,1.0011091232299805,6057.76,0.2,0.187109
6235.06,0.2,595.2899770956328,-0.850912920022858,583.0546739771045,1.9545137099194045,0.0026052996051649352,-7482.876393517567,6172.716520594359,1.0011091232299805,6235.06,0.2,0.195508
6412.36,0.2,747.987815541811,-0.9307596943700902,334.3108293123835,2.377806150989475,0.0031527645970829024,-15057.005365837453,6348.243723075389,1.0011091232299805,6412.36,0.2,0.18046900000000002
6589.66,0.2,917.7013019795659,-0.9597766533734646,217.35350932668592,2.6187360673068607,0.003081541220385696,-21120.879197346498,6523.770925556421,1.0011091232299805,6589.66,0.2,0.1875
6766.96,0.2,1089.9519592815504,-0.9774543239935383,134.53741368903113,2.83938554185195,0.002980148837154745,-28069.381827968115,6699.298128037452,1.0011091232299805,6766.96,0.2,0.192969
6944.26,0.2,1263.595988006593,-0.98854141708531,75.34409943509701,3.0653203533644806,0.0028982251080624986,-36642.02277984278,6874.825330518484,1.0011091232299805,6944.26,0.2,0.19531300000000001
7121.56,0.2,1438.5568440744619,-0.9930808655752278,48.43014115251922,3.209481996890112,0.00271185946073369,-43453.30173279342,7050.352532999516,1.0011091232299805,7121.56,0.2,0.203125
4107.46,0.242,1.8514845590888243,-0.007099333077528438,54.49591359915236,0.013478385033507886,-1.2739556870926068e-05,42.43891248157479,4059.197415509224,1.0010640621185303,4107.46,0.242,0.276563
4284.76,0.242,5.534291762593,-0.01846485459072222,124.95292764267214,0.034745545578341364,-1.603219290013926e-05,106.64782490165248,4234.41414355278,1.0010640621185303,4284.76,0.242,0.284375
4462.06,0.242,11.404943502341268,-0.035110586577438575,213.97109137281356,0.06520455136086928,-1.0621104911592995e-05,193.6752836643791,4409.630871596337,1.0010640621185303,4462.06,0.242,0.282031
4639.36,0.242,21.434656467654747,-0.06102744837366434,333.4144298329321,0.11225102926229247,9.813386183451763e-06,317.51355981375536,4584.847599639892,1.0010640621185303,4639.36,0.242,0.278711
4816.66,0.242,37.983639560470465,-0.09944178188226394,482.74345071533895,0.18205001471818794,5.510610534115634e-05,479.5998110186729,4760.064327683449,1.0010640621185303,4816.66,0.242,0.275781
4993.96,0.242,57.51265354603015,-0.14480935572518605,628.9588340906373,0.26327950044243353,0.0001253232135041486,631.39252231298,4935.281055727005,1.0010640621185303,4993.96,0.242,0.26367199999999996
5171.26,0.242,91.49072741455848,-0.21143348456981836,799.1873556675504,0.38625505379353675,0.000246921285150693,800.4291377019108,5110.497783770561,1.0010640621185303,5171.26,0.242,0.25918
5348.56,0.242,128.93414301125995,-0.28688322658219145,940.6317940691293,0.5262911935134733,0.00041901676373517463,876.9788532671355,5285.714511814118,1.0010640621185303,5348.56,0.242,0.244141
5525.86,0.242,188.1919442888102,-0.38357717568076,1054.6085449659295,0.7161769408759953,0.0006608931379436618,812.6624577212388,5460.931239857673,1.0010640621185303,5525.86,0.242,0.23710900000000001
5703.16,0.242,252.08507492122862,-0.49287513829768276,1101.6923668635761,0.9415978555599085,0.0010166777725073677,395.9886973724218,5636.14796790123,1.0010640621185303,5703.16,0.242,0.21826199999999998
5880.46,0.242,344.164093095982,-0.6129724632169893,1057.387293525391,1.2185163895763083,0.0014418811100234464,-607.8853370992219,5811.364695944786,1.0010640621185303,5880.46,0.242,0.207227
6057.76,0.242,438.8330922448249,-0.7582077444025381,862.1056543005826,1.6155182417717446,0.0022763773559440472,-3337.841702389487,5986.581423988342,1.0010640621185303,6057.76,0.242,0.17539100000000002
6235.06,0.242,591.9622959086892,-0.832879251699264,691.2938969392163,1.8782580331889474,0.002391181130442509,-5998.448477907063,6161.798152031899,1.0010640621185303,6235.06,0.242,0.186914
6412.36,0.242,744.9483857689802,-0.9046584900784638,468.05978655993675,2.20784971426135,0.0027083850451837545,-10824.777382491433,6337.014880075454,1.0010640621185303,6412.36,0.242,0.181836
6589.66,0.242,911.52553434733,-0.9404475473352483,327.09029587769794,2.43701088838527,0.0026951650721930708,-15392.878941159885,6512.231608119011,1.0010640621185303,6589.66,0.242,0.187891
6766.96,0.242,1081.3721592609527,-0.9642610112864595,217.10641234159033,2.650932277869691,0.0026514001073042,-20766.479145197954,6687.448336162567,1.0010640621185303,6766.96,0.242,0.192188
6944.26,0.242,1253.0430110151428,-0.9810525122032381,127.72726973763639,2.883039708648157,0.0026366863888488464,-27860.516112606943,6862.665064206123,1.0010640621185303,6944.26,0.242,0.192188
7121.56,0.242,1427.1058951913028,-0.9879826890939328,86.37481347000293,3.024890270267381,0.002486177030440884,-33320.19878190436,7037.88179224968,1.0010640621185303,7121.56,0.242,0.199219
4107.46,0.284,3.5925502529598816,-0.011838866319489248,92.36407097588155,0.02294185060825256,-1.4645286988405574e-05,64.1407589954216,4052.216757515669,1.00101900100708,4107.46,0.284,0.27968699999999996
4284.76,0.284,8.88456530472709,-0.025964222344949914,180.5024310333845,0.049775087531448325,-1.3734168243054499e-05,135.52483704670135,4227.132162926197,1.00101900100708,4284.76,0.284,0.285156
4462.06,0.284,16.82192973385122,-0.045556783542177626,286.42778045737765,0.08616541026379748,-3.038775647440828e-06,226.59711735933843,4402.047568336726,1.00101900100708,4462.06,0.284,0.28281300000000004
4639.36,0.284,29.672579598685616,-0.07443658192954677,421.11293069829514,0.1394208968483125,2.345920222465096e-05,348.44781995226094,4576.962973747253,1.00101900100708,4639.36,0.284,0.280078
4816.66,0.284,49.10895027282095,-0.11414525827533362,577.6916294560709,0.21251215176171045,7.219377564613274e-05,494.3247363970004,4751.878379157782,1.00101900100708,4816.66,0.284,0.276758
4993.96,0.284,72.05212916322489,-0.16060582037690074,729.8049065671132,0.29687354662944276,0.000143150220350768,627.7068783818868,4926.79378456831,1.00101900100708,4993.96,0.284,0.26621100000000003
5171.26,0.284,108.33648944492029,-0.2241368332644662,895.4030578468411,0.4152006512374653,0.00025434594321661864,760.6963907448044,5101.709189978838,1.00101900100708,5171.26,0.284,0.260938
5348.56,0.284,147.26239393357673,-0.2950540652957617,1032.4530245226272,0.5474310291612801,0.0004061752431796836,811.247209727796,5276.624595389367,1.00101900100708,5348.56,0.284,0.246191
5525.86,0.284,205.99241060435997,-0.38374208378390495,1142.6106483203482,0.7214989638494851,0.0006127959070887804,742.7769653239257,5451.540000799894,1.00101900100708,5525.86,0.284,0.237988
5703.16,0.284,267.18183610547794,-0.4840649871805338,1192.7089066522713,0.9262819711656887,0.000915830230005337,392.7296731269154,5626.455406210423,1.00101900100708,5703.16,0.284,0.218457
5880.46,0.284,353.9400531275687,-0.5965474354340377,1158.533014747,1.1802836224405802,0.0012902909833116209,-425.2427681735171,5801.370811620951,1.00101900100708,5880.46,0.284,0.205371
6057.76,0.284,440.7385459459538,-0.7370581878172009,976.1447709155665,1.5490993355941391,0.0020458094113288156,-2633.441076924726,5976.286217031479,1.00101900100708,6057.76,0.284,0.172266
6235.06,0.284,590.6365056903633,-0.813393293738101,802.965598345891,1.8023276773032126,0.0021763714869454083,-4827.164835977768,6151.201622442008,1.00101900100708,6235.06,0.284,0.182422
6412.36,0.284,741.4399197386338,-0.8845994578062524,582.204452007373,2.098429865838739,0.0024358833644159963,-8505.824186842758,6326.117027852535,1.00101900100708,6412.36,0.284,0.17968800000000001
6589.66,0.284,905.1419830671957,-0.9254831932243041,421.459362646974,2.324642699735172,0.002464775886121363,-12298.84487669899,6501.0324332630635,1.00101900100708,6589.66,0.284,0.184375
6766.96,0.284,1073.1837979315624,-0.9527265291359323,295.0604683410716,2.527167696260113,0.002438652561808847,-16606.336960723682,6675.947838673592,1.00101900100708,6766.96,0.284,0.188672
6944.26,0.284,1243.135243795732,-0.9734021726740963,184.1774344197732,2.7509554851654023,0.0024467260023484628,-22413.379306529445,6850.86324408412,1.00101900100708,6944.26,0.284,0.188281
7121.56,0.284,1416.4450129053066,-0.9818464730526395,133.41550262717314,2.877027330186424,0.002302322305471045,-26579.384788518684,7025.778649494649,1.00101900100708,7121.56,0.284,0.19609400000000002
4107.46,0.326,6.0171768270520545,-0.01739649336260357,137.83939859859038,0.03433963441626103,-1.4718388366331679e-05,86.51176202171769,4045.294857208729,1.0009739398956299,4107.46,0.326,0.28281300000000004
4284.76,0.326,13.24265202007038,-0.03426083674840526,243.39861294293118,0.06685574737487593,-9.415775990533987e-06,163.80189334752004,4219.911476283074,1.0009739398956299,4284.76,0.326,0.2875
4462.06,0.326,23.12911942289736,-0.05590986100650333,361.25559009114914,0.10752660321676272,5.6378538123302315e-06,254.22423734711583,4394.528095357418,1.0009739398956299,4462.06,0.326,0.284375
4639.36,0.326,38.63785229661619,-0.08679031737062909,506.6750465491718,0.16521807998388527,3.634719701231737e-05,370.7678898612221,4569.144714431763,1.0009739398956299,4639.36,0.326,0.28183600000000003
4816.66,0.326,59.965620062031576,-0.12629106993085715,664.6493665948008,0.23847823585411965,8.559930204252023e-05,498.37286454780497,4743.761333506107,1.0009739398956299,4816.66,0.326,0.277148
4993.96,0.326,85.23894345302244,-0.17251008314099925,818.847525249497,0.3231283704769974,0.0001547878350885829,613.7363494680067,4918.377952580452,1.0009739398956299,4993.96,0.326,0.26709
5171.26,0.326,122.15340285093794,-0.23258437781447994,979.4856331146518,0.4353532190737035,0.00025649080645967124,718.7229584834286,5092.994571654797,1.0009739398956299,5171.26,0.326,0.260254
5348.56,0.326,161.0633272912994,-0.2995015184775492,1113.7533980890853,0.5600665607210353,0.00039352028464639853,751.6529198986045,5267.6111907291415,1.0009739398956299,5348.56,0.326,0.24502
5525.86,0.326,219.32950372584946,-0.3826848421913492,1223.1806139893501,0.7230472726956809,0.0005767358018483182,683.6427789708046,5442.227809803486,1.0009739398956299,5525.86,0.326,0.236328
5703.16,0.326,278.51581007833875,-0.47666771603104385,1276.6948811341142,0.9131628754725831,0.000844174166100217,381.00502062549185,5616.84442887783,1.0009739398956299,5703.16,0.326,0.216748
5880.46,0.326,365.7110584363695,-0.5811255957511825,1252.3486002322347,1.1459354860776942,0.0011552193226419443,-281.7058940770621,5791.461047952175,1.0009739398956299,5880.46,0.326,0.206152
6057.76,0.326,452.97088372518283,-0.7061231745879896,1104.1257045576017,1.460294733023372,0.0017180232324564755,-1889.892314588058,5966.07766702652,1.0009739398956299,6057.76,0.326,0.179297
6235.06,0.326,594.5631878177592,-0.7876633405261719,929.8924042002146,1.7111489672788807,0.0019102215472858522,-3731.1423407165275,6140.694286100865,1.0009739398956299,6235.06,0.326,0.184375
6412.36,0.326,739.9720995245652,-0.8627106772058275,704.069854296023,1.9938516125241872,0.0021767045979564767,-6717.201872082158,6315.310905175209,1.0009739398956299,6412.36,0.326,0.180078
6589.66,0.326,899.5740101220863,-0.910229563253844,519.5857858605413,2.2262691483336132,0.0022644060671483425,-10041.215555469862,6489.927524249553,1.0009739398956299,6589.66,0.326,0.182031
6766.96,0.326,1065.4785401387817,-0.941250976002074,375.614362291112,2.425402499887836,0.002264713568439486,-13691.712777241555,6664.544143323898,1.0009739398956299,6766.96,0.326,0.185547
6944.26,0.326,1233.4546317869253,-0.9660569468509728,241.54082687687733,2.6503132255361495,0.002303414057140748,-18755.806078801004,6839.160762398244,1.0009739398956299,6944.26,0.326,0.18398399999999998
7121.56,0.326,1405.9116046950976,-0.9762325143858164,179.5702370985663,2.774229183680811,0.0021765746598498364,-22323.262593995256,7013.777381472588,1.0009739398956299,7121.56,0.326,0.191406
4107.46,0.368,9.119117907235108,-0.023492390880068572,188.9284177602491,0.04716107061567845,-1.3179027043872611e-05,108.27903086503648,4038.3396608793737,1.0009288787841797,4107.46,0.368,0.285938
4284.76,0.368,17.949859055796765,-0.041998414431416,305.33997311928107,0.0831951953423003,-4.297545005895506e-06,185.74778599253,4212.656056382656,1.0009288787841797,4284.76,0.368,0.288672
4462.06,0.368,29.485023119494144,-0.06494251930211542,431.55539956693804,0.12665155020537994,1.3765313132986501e-05,272.74153154325086,4386.972451885939,1.0009288787841797,4462.06,0.368,0.28476599999999996
4639.36,0.368,46.75355566496728,-0.09642857012720557,582.0213923555181,0.18590836528780352,4.632433977041703e-05,379.9577045475903,4561.288847389221,1.0009288787841797,4639.36,0.368,0.281445
4816.66,0.368,69.25719826502996,-0.1352462536691736,740.4151561797373,0.25818188466284697,9.479720644705426e-05,491.72140675420314,4735.605242892503,1.0009288787841797,4816.66,0.368,0.275586
4993.96,0.368,95.86987405061825,-0.18061119394670094,895.6192749975796,0.34162005034645726,0.0001613276683947232,591.6014743698124,4909.921638395786,1.0009288787841797,4993.96,0.368,0.265527
5171.26,0.368,132.72407431744887,-0.2378038949849851,1053.5030077604542,0.44844790970890114,0.00025556591914278936,676.6811358634413,5084.238033899069,1.0009288787841797,5171.26,0.368,0.257422
5348.56,0.368,171.82629598030508,-0.30189000423971846,1187.5750484832226,0.5678087126066027,0.0003816721936311657,699.1750417904941,5258.554429402352,1.0009288787841797,5348.56,0.368,0.242383
5525.86,0.368,229.87471061743736,-0.3809969934898991,1297.8596750450783,0.7225127563560174,0.0005476428043643392,633.6412671529338,5432.8708249056335,1.0009288787841797,5525.86,0.368,0.23369099999999998
5703.16,0.368,288.6763898790018,-0.4699962790782216,1354.9250435316626,0.9014062322842498,0.000785424901411377,369.3889660075537,5607.187220408916,1.0009288787841797,5703.16,0.368,0.215234
5880.46,0.368,381.19504945968083,-0.5659300179675508,1340.1720902688157,1.1138999285306905,0.0010272409941742766,-158.9384268394715,5781.503615912199,1.0009288787841797,5880.46,0.368,0.210254
6057.76,0.368,474.3043186982536,-0.6723680255059288,1229.8788871452723,1.3719208551634496,0.0013993476367156871,-1275.2726933812683,5955.8200114154815,1.0009288787841797,6057.76,0.368,0.192676
6235.06,0.368,606.090467465975,-0.755544814055265,1069.4215647313686,1.6085835652736105,0.0016114503544851166,-2738.9742957178023,6130.136406918765,1.0009288787841797,6235.06,0.368,0.192969
6412.36,0.368,743.2875179158436,-0.8348290371653304,846.0313365804042,1.877369734124544,0.0018863359230855254,-5134.010208539003,6304.452802422046,1.0009288787841797,6412.36,0.368,0.185547
6589.66,0.368,896.5912811998796,-0.8906256308841669,637.818950498483,2.1172509218901663,0.0020376017987382405,-8044.243391866694,6478.769197925329,1.0009288787841797,6589.66,0.368,0.183594
6766.96,0.368,1059.3370644871484,-0.9266960511718189,473.7774649182316,2.3169280811411888,0.002074633046445371,-11184.364853797939,6653.085593428612,1.0009288787841797,6766.96,0.368,0.185547
6944.26,0.368,1224.1436169634699,-0.9579933276049108,305.3885722877115,2.5582769181287777,0.0021712630477951867,-15903.632489166921,6827.401988931894,1.0009288787841797,6944.26,0.368,0.180859
7121.56,0.368,1395.75403154399,-0.9696769483807711,233.81296749529352,2.6771208835154425,0.0020557965703932135,-18926.190910860445,7001.7183844351775,1.0009288787841797,7121.56,0.368,0.188281
4107.46,0.411,11.652849369059965,-0.027878637321623097,230.42912410805852,0.056581412841534146,-1.1335168709870251e-05,119.71591002227547,4031.313220854998,1.0008600950241089,4107.46,0.411,0.283594
4284.76,0.411,21.409008332224573,-0.04703359770440863,353.51000177095875,0.09404888283557317,-5.631866617459842e-07,193.53188092274308,4205.326317527294,1.0008600950241089,4284.76,0.411,0.28476599999999996
4462.06,0.411,34.053282098459306,-0.07067214416413067,486.8512754214094,0.1390480523337635,1.9052171496880018e-05,275.8503983408209,4379.339414199591,1.0008600950241089,4462.06,0.411,0.28066399999999997
4639.36,0.411,52.76314108406348,-0.10269358362679609,644.0437247451748,0.19967729404753853,5.259889237162424e-05,375.7238520900023,4553.352510871887,1.0008600950241089,4639.36,0.411,0.277539
4816.66,0.411,76.603733593269,-0.14143594557201455,806.7145908528349,0.2721556287097333,0.00010058326748879859,477.1035184911352,4727.365607544183,1.0008600950241089,4816.66,0.411,0.271875
4993.96,0.411,105.03203325126333,-0.18666632423851992,966.1500329898323,0.3558638980532174,0.00016524831538628274,567.0725003432749,4901.37870421648,1.0008600950241089,4993.96,0.411,0.262891
5171.26,0.411,143.87952897194123,-0.24275846939222734,1125.932666105855,0.46123744994991966,0.0002540503839418419,641.0560107513393,5075.391800888777,1.0008600950241089,5171.26,0.411,0.255859
5348.56,0.411,185.80047306583742,-0.3052313478659263,1261.2255403556987,0.5783506579504007,0.00036951097617849685,658.4221700041476,5249.404897561074,1.0008600950241089,5348.56,0.411,0.24306599999999998
5525.86,0.411,245.70785004983782,-0.3802889146953536,1370.8170909702167,0.7254609827901226,0.0005157388177883475,597.2762107761587,5423.417994233369,1.0008600950241089,5525.86,0.411,0.23569299999999999
5703.16,0.411,307.4140802727811,-0.4632734625673949,1429.8724383038195,0.8920028280989336,0.0007143482533791536,372.82918621677095,5597.431090905666,1.0008600950241089,5703.16,0.411,0.22031199999999998
5880.46,0.411,395.52373169235807,-0.5529543522263234,1423.2928227707444,1.0873480888709803,0.0009276198662905252,-73.40036676587488,5771.444187577963,1.0008600950241089,5880.46,0.411,0.21337899999999999
6057.76,0.411,485.60618799515214,-0.6523580658574637,1329.9248227700848,1.321698344529172,0.0012419817877328018,-979.4571054524295,5945.457284250259,1.0008600950241089,6057.76,0.411,0.196484
6235.06,0.411,611.1505468075011,-0.7354361036668122,1177.9805662628294,1.5479699927552915,0.0014537123400820955,-2221.0429992030986,6119.470380922557,1.0008600950241089,6235.06,0.411,0.19423800000000002
6412.36,0.411,744.6166648114513,-0.8137291927103847,964.8815975153112,1.7972701164963905,0.0016997076923588486,-4173.016708239804,6293.483477594852,1.0008600950241089,6412.36,0.411,0.187109
6589.66,0.411,893.5108528620713,-0.8731605252825847,748.5407661529171,2.0309721881432905,0.0018642077258186614,-6655.17121120714,6467.496574267148,1.0008600950241089,6589.66,0.411,0.183789
6766.96,0.411,1054.0258454274644,-0.9114321202288391,577.5782523236463,2.219299316831499,0.001904469028719085,-9246.157328243578,6641.509670939446,1.0008600950241089,6766.96,0.411,0.18593800000000002
6944.26,0.411,1216.1601488012775,-0.9465211000947886,391.6181912310619,2.44986840625036,0.0020085212494085243,-13193.782579873034,6815.522767611742,1.0008600950241089,6944.26,0.411,0.181055
7121.56,0.411,1386.4812566379223,-0.9606574365098797,306.0239049047057,2.568967117367265,0.0019160342390535995,-15824.045704698503,6989.535864284039,1.0008600950241089,7121.56,0.411,0.187891
4107.46,0.453,14.310073442870674,-0.032078076565010036,271.7728368625752,0.06574541309571794,-9.164938337142086e-06,129.40201584230545,4024.6133756387235,1.0007917881011963,4107.46,0.453,0.281641
4284.76,0.453,25.07956529290277,-0.05195703221987871,401.83011420998923,0.10482395454235244,3.291037796866297e-06,200.6183122292523,4198.337271063328,1.0007917881011963,4284.76,0.453,0.282031
4462.06,0.453,38.67464130003998,-0.07601731338679978,540.4385229154815,0.1507940334386237,2.4023914142010864e-05,278.1788808403412,4372.0611664879325,1.0007917881011963,4462.06,0.453,0.277539
4639.36,0.453,59.03168358157848,-0.10871978401016297,704.6101798929037,0.2131456035914462,5.851167019667162e-05,372.6491075360768,4545.785061912537,1.0007917881011963,4639.36,0.453,0.275
4816.66,0.453,84.11315859609908,-0.14726279813066212,870.2933721914642,0.2855526692270425,0.00010576190333765284,465.10314614652,4719.508957337141,1.0007917881011963,4816.66,0.453,0.269434
4993.96,0.453,114.66424898630203,-0.19251563710620156,1033.7533109361482,0.36991588233314576,0.0001686733106748496,547.4898129875978,4893.232852761746,1.0007917881011963,4993.96,0.453,0.261719
5171.26,0.453,154.96384568110307,-0.24719435496434344,1193.6356833910277,0.4730410366336588,0.0002521406266938178,611.5811190768254,5066.9567481863505,1.0007917881011963,5171.26,0.453,0.255176
5348.56,0.453,199.22492845104102,-0.30796828102553464,1329.3287531384758,0.5875588955667066,0.0003582827265047599,624.7014195490724,5240.680643610955,1.0007917881011963,5348.56,0.453,0.24404299999999998
5525.86,0.453,259.4513082867529,-0.37927527899203634,1437.9831267865272,0.7271921972927409,0.0004897309655137582,566.3353713759125,5414.404539035559,1.0007917881011963,5525.86,0.453,0.236816
5703.16,0.453,322.3045870026808,-0.4576224513046942,1499.0341991870787,0.883910310181145,0.0006628776341347307,369.56874212017624,5588.128434460163,1.0007917881011963,5703.16,0.453,0.222998
5880.46,0.453,407.6674617731278,-0.5423631425551605,1499.0399918661378,1.0661281996979168,0.0008531437689299914,-16.418584636041942,5761.852329884768,1.0007917881011963,5880.46,0.453,0.215234
6057.76,0.453,496.0167694984452,-0.6357877463380004,1419.3551269173902,1.2816843934016844,0.001122873689949207,-772.4137619694211,5935.576225309373,1.0007917881011963,6057.76,0.453,0.199414
6235.06,0.453,616.1915316721424,-0.7180067391477682,1276.4207936825776,1.4978609736428776,0.0013284127557507976,-1843.27640920878,6109.300120733977,1.0007917881011963,6235.06,0.453,0.19526400000000002
6412.36,0.453,746.1039882595051,-0.7954175553133641,1072.3700824365562,1.732481965645536,0.0015542741663362738,-3487.668157361397,6283.024016158581,1.0007917881011963,6412.36,0.453,0.188086
6589.66,0.453,890.5381919077226,-0.8581146469762826,848.7531724250176,1.9628431148116992,0.001731654756721834,-5674.977035400363,6456.747911583185,1.0007917881011963,6589.66,0.453,0.183203
6766.96,0.453,1048.8933470743077,-0.8983708379144442,671.0451212440521,2.144766532894976,0.0017781123475709769,-7912.065763046943,6630.47180700779,1.0007917881011963,6766.96,0.453,0.185156
6944.26,0.453,1208.4425897769943,-0.9368220886545633,468.66224881921676,2.3709551417005974,0.001892905527033199,-11382.805849499564,6804.195702432395,1.0007917881011963,6944.26,0.453,0.17968800000000001
7121.56,0.453,1377.703624493628,-0.952619563130367,373.3254297446181,2.48767852335168,0.001812500378768598,-13689.145906957187,6977.919597856999,1.0007917881011963,7121.56,0.453,0.186328
4107.46,0.495,17.151887517668456,-0.03621017727203096,313.8535096306568,0.07489876276036855,-6.726945516900861e-06,137.95255616120426,4017.947560915947,1.0007234811782837,4107.46,0.495,0.280078
4284.76,0.495,28.91806863953053,-0.056713903479466275,450.19096304042324,0.11539145865804173,7.159734348828291e-06,206.62319223805162,4191.383724031449,1.0007234811782837,4284.76,0.495,0.279883
4462.06,0.495,43.49181471304075,-0.08117695735993252,593.7691498284402,0.16230589921091138,2.882862344141514e-05,280.07087542632917,4364.81988714695,1.0007234811782837,4462.06,0.495,0.27519499999999997
4639.36,0.495,65.52137719517191,-0.11446592393861615,764.2000007556766,0.22621279980908549,6.40004441185594e-05,369.6797357242863,4538.256050262451,1.0007234811782837,4639.36,0.495,0.273242
4816.66,0.495,91.80332653881828,-0.15274588683455825,932.1922402063539,0.2984036295774877,0.0001103485488772238,454.3388059022459,4711.692213377953,1.0007234811782837,4816.66,0.495,0.267773
4993.96,0.495,124.16446649494242,-0.197719371781025,1098.2749887618163,0.38274096270585356,0.0001711922546046733,529.5571220857964,4885.128376493454,1.0007234811782837,4993.96,0.495,0.260938
5171.26,0.495,165.56775095577837,-0.2509198594803851,1257.7132117153196,0.4833524773474718,0.00024969267003740797,585.1942503545351,5058.564539608956,1.0007234811782837,5171.26,0.495,0.254639
5348.56,0.495,211.4100809702079,-0.3098924307963945,1393.3793687387647,0.5948116100115559,0.0003478146056558352,594.5619907977134,5232.000702724457,1.0007234811782837,5348.56,0.495,0.244531
5525.86,0.495,271.494686269205,-0.3779631384422075,1501.5650285180443,0.7278318400257613,0.0004676104516714711,538.7206628030174,5405.436865839958,1.0007234811782837,5525.86,0.495,0.23720700000000003
5703.16,0.495,334.9485196987366,-0.45252588291587414,1564.7137535649574,0.8764350174060458,0.0006218959462901844,363.374615660844,5578.87302895546,1.0007234811782837,5703.16,0.495,0.22446300000000002
5880.46,0.495,418.4403745638456,-0.5331239890768409,1570.449887359822,1.0478976846911894,0.0007930700034508927,24.638237767703686,5752.309192070961,1.0007234811782837,5880.46,0.495,0.216406
6057.76,0.495,506.0185533910585,-0.6212137309947404,1502.5721866513964,1.247605296632572,0.001025969419474843,-615.9564814180112,5925.745355186463,1.0007234811782837,6057.76,0.495,0.201953
6235.06,0.495,621.355448910625,-0.7021207579210561,1369.022084865348,1.4539613565552454,0.0012226004156726889,-1548.6177249442735,6099.181518301964,1.0007234811782837,6235.06,0.495,0.19628900000000002
6412.36,0.495,747.9806120074145,-0.7783893097341644,1174.512200840416,1.6756103196848295,0.001430543306259197,-2953.729889990602,6272.617681417465,1.0007234811782837,6412.36,0.495,0.18906199999999998
6589.66,0.495,888.1060962173515,-0.8434877843589547,947.3196376665788,1.9012370917397199,0.0016139698529939878,-4888.437533588771,6446.053844532967,1.0007234811782837,6589.66,0.495,0.18291
6766.96,0.495,1044.0912109211704,-0.8858070755368657,762.9018110801104,2.07920715190662,0.0016688188040159834,-6862.607495092336,6619.490007648468,1.0007234811782837,6766.96,0.495,0.184375
6944.26,0.495,1200.799925797026,-0.9277692624539903,543.31118157991,2.304889612726601,0.0017979005221480412,-9999.962186853438,6792.92617076397,1.0007234811782837,6944.26,0.495,0.17793
7121.56,0.495,1369.039196626536,-0.9450075382499156,439.3750342204239,2.4197634021753434,0.001727223455197067,-12056.781926811746,6966.362333879471,1.0007234811782837,7121.56,0.495,0.184375
4107.46,0.537,20.188039858693372,-0.04029392303285441,356.66228526647546,0.08407687101513178,-4.084132586625283e-06,145.63574270335607,4011.3383004665375,1.000655174255371,4107.46,0.537,0.278906
4284.76,0.537,32.970754882338156,-0.06137512980554694,498.875090465006,0.1258987353288447,1.1051680265655668e-05,211.964910669142,4184.489172458649,1.000655174255371,4284.76,0.537,0.27831999999999996
4462.06,0.537,48.605034035088465,-0.08626835893763746,647.3653171910966,0.17383743375458932,3.355436683676483e-05,281.95218632918386,4357.64004445076,1.000655174255371,4462.06,0.537,0.273633
4639.36,0.537,72.04116988288808,-0.11978855137240435,822.009674202902,0.23853127556348208,6.892484009595644e-05,366.2875487700785,4530.790916442871,1.000655174255371,4639.36,0.537,0.271875
4816.66,0.537,99.54864926730738,-0.15782579602656832,992.1286177378857,0.3105453638447564,0.00011432191698442466,444.32110976618105,4703.941788434982,1.000655174255371,4816.66,0.537,0.266602
4993.96,0.537,133.30693832285397,-0.2022366501365927,1159.5635958046805,0.3941753947735671,0.0001728863638688306,512.7127370612102,4877.0926604270935,1.000655174255371,4993.96,0.537,0.260254
5171.26,0.537,175.46775843573027,-0.2539517468344413,1318.3028961472487,0.4921253581927487,0.0002468656122972373,561.1345049847091,5050.243532419205,1.000655174255371,5171.26,0.537,0.254004
5348.56,0.537,222.34933666239795,-0.3111644862421741,1453.8763263029339,0.6004171675965322,0.00033814913313453437,567.3516353011305,5223.394404411316,1.000655174255371,5348.56,0.537,0.244531
5525.86,0.537,282.2585733634319,-0.3764835929766025,1562.0669660331123,0.7277690352074118,0.00044840287263592997,514.045317697422,5396.545276403427,1.000655174255371,5525.86,0.537,0.23715799999999998
5703.16,0.537,345.9901932862613,-0.4478586096038113,1627.3404729452589,0.869475095709523,0.0005880019524523179,355.87871168842247,5569.696148395538,1.000655174255371,5703.16,0.537,0.22519499999999998
5880.46,0.537,428.0076861633943,-0.5249478970087949,1638.1692705968032,1.0319463899961416,0.0007435775375139839,54.785644917015816,5742.8470203876495,1.000655174255371,5880.46,0.537,0.21704099999999998
6057.76,0.537,515.13744855102,-0.6085121313922406,1580.2810435808244,1.2186378448498698,0.000947598189441567,-497.4520123346301,5915.997892379761,1.000655174255371,6057.76,0.537,0.20385699999999998
6235.06,0.537,626.7080181309034,-0.6875109862474997,1456.5503035825893,1.4149840995379712,0.0011316722210474525,-1313.3506076122776,6089.148764371872,1.000655174255371,6235.06,0.537,0.197363
6412.36,0.537,750.4600691523765,-0.7622576374724737,1272.4401598588825,1.6244118362686057,0.0013220254168366517,-2523.6229088352666,6262.299636363983,1.000655174255371,6412.36,0.537,0.190234
6589.66,0.537,886.3709959931339,-0.8290794875955003,1044.752298149779,1.8443500037566567,0.0015069306176535332,-4239.784554666319,6435.450508356094,1.000655174255371,6589.66,0.537,0.183008
6766.96,0.537,1039.6720903785372,-0.8736340549921919,853.3954250930109,2.0203372512512967,0.0015721668155731922,-6013.845003593702,6608.601380348206,1.000655174255371,6766.96,0.537,0.18369100000000002
6944.26,0.537,1193.1283050402635,-0.9195299226082345,614.3761755146483,2.2495871163941787,0.0017203597421764842,-8927.789892513974,6781.752252340317,1.000655174255371,6944.26,0.537,0.175781
7121.56,0.537,1360.498427225395,-0.9377900910102372,504.1639693888197,2.36147654206355,0.001655132945994093,-10765.774184205678,6954.903124332428,1.000655174255371,7121.56,0.537,0.182227
4107.46,0.579,23.432322803049942,-0.04434580957014907,400.1996870455567,0.09331338285767032,-1.2787219859900737e-06,152.64364989161072,4004.746177675724,1.000586986541748,4107.46,0.579,0.278125
4284.76,0.579,37.180805766935464,-0.06587883129979283,547.3609858879914,0.13619935106591663,1.4878895071267608e-05,216.5227826367036,4177.612498297692,1.000586986541748,4284.76,0.579,0.277148
4462.06,0.579,53.836386073119456,-0.09110744054689501,700.0918470188572,0.18496759979206506,3.800729148626574e-05,283.20794498174064,4350.478818919659,1.000586986541748,4462.06,0.579,0.272461
4639.36,0.579,78.64184017845196,-0.12477637160289251,878.3470276172444,0.25027666475118104,7.33834850831903e-05,362.7262008404132,4523.345139541626,1.000586986541748,4639.36,0.579,0.270898
4816.66,0.579,107.02448789997447,-0.16231806776875535,1049.2767073221933,0.3215095440861647,0.00011754716817831212,434.31566214600116,4696.211460163593,1.000586986541748,4816.66,0.579,0.265527
4993.96,0.579,142.00892201841452,-0.20611475903297227,1217.754603663157,0.40427033227397813,0.0001738824959405487,496.73182276771604,4869.07778078556,1.000586986541748,4993.96,0.579,0.25956999999999997
5171.26,0.579,184.61782591725455,-0.25636956946094214,1375.6864541212337,0.4994908567196761,0.00024377518711854408,538.9746985022848,5041.944101407528,1.000586986541748,5171.26,0.579,0.253223
5348.56,0.579,232.44376928908582,-0.3120025560332532,1511.4208736729433,0.604919269187487,0.00032912769708552106,542.8317257546864,5214.810422029495,1.000586986541748,5348.56,0.579,0.24433600000000003
5525.86,0.579,291.9544673453761,-0.37487893369283687,1619.8314059214854,0.7271514441790459,0.00043143562157795505,491.83606489713975,5387.6767426514625,1.000586986541748,5525.86,0.579,0.236816
5703.16,0.579,355.74305594125053,-0.44351031191928847,1687.2444681685347,0.8628731335145132,0.0005592164256575544,347.81179456329943,5560.54306327343,1.000586986541748,5703.16,0.579,0.225439
5880.46,0.579,436.8569202906533,-0.5175045579924663,1702.7186029819334,1.0175998288726693,0.0007011545286755732,78.03825047567193,5733.409383895397,1.000586986541748,5880.46,0.579,0.21748
6057.76,0.579,523.8347066213196,-0.5970676737616009,1653.6572090385287,1.1931371642659747,0.0008813406236308529,-403.5758270118322,5906.275704517365,1.000586986541748,6057.76,0.579,0.20551799999999998
6235.06,0.579,632.1939521705422,-0.6739776303129894,1539.601191556204,1.3799859407484725,0.0010525754502435987,-1122.140022833095,6079.142025139332,1.000586986541748,6235.06,0.579,0.198486
6412.36,0.579,753.4961855374522,-0.7469035669991333,1366.4619404274424,1.5778409084227287,0.0012258209929086243,-2171.1012842384916,6252.008345761299,1.000586986541748,6412.36,0.579,0.191602
6589.66,0.579,885.3364553801184,-0.8148168520081152,1141.0761517722292,1.791229852622953,0.0014085001490834043,-3695.7593067629714,6424.874666383266,1.000586986541748,6589.66,0.579,0.183496
6766.96,0.579,1035.6445926013675,-0.8616803118799482,943.1088959262817,1.9662511123528743,0.001484606457396243,-5308.9563305761185,6597.740987005233,1.000586986541748,6766.96,0.579,0.183203
6944.26,0.579,1186.0437511705186,-0.9105995917494506,690.3253675118891,2.1943842585026996,0.0016421263971784536,-7974.120250430766,6770.607307627201,1.000586986541748,6944.26,0.579,0.174414
7121.56,0.579,1351.8254289753686,-0.9312852513664117,565.4890660348916,2.312773159723517,0.0015966471383325948,-9751.706054250768,6943.4736282491685,1.000586986541748,7121.56,0.579,0.17968800000000001
4107.46,0.621,26.378914441566906,-0.04775960363970225,439.90320984886154,0.10121032363652868,1.2053905315129437e-06,157.04533879502242,3998.0245431506632,1.0005779266357422,4107.46,0.621,0.276563
4284.76,0.621,40.985170412081175,-0.06964830983978224,591.7610273866843,0.1449575914356161,1.8109607056768988e-05,218.55047966037728,4170.600721981526,1.0005779266357422,4284.76,0.621,0.275391
4462.06,0.621,58.62376168759215,-0.09519359912876973,748.9330243948904,0.19453160705809525,4.1701100945658624e-05,282.3817407350316,4343.176900812387,1.0005779266357422,4462.06,0.621,0.270898
4639.36,0.621,84.26772238258502,-0.12863387131921133,929.1393803270149,0.25956530010615986,7.662538042544552e-05,356.7031503605144,4515.753079643249,1.0005779266357422,4639.36,0.621,0.26914099999999996
4816.66,0.621,113.36895765132886,-0.16571575578371567,1101.3706480929918,0.3300480601399187,0.0001196182002648255,422.8807160627748,4688.329258474111,1.0005779266357422,4816.66,0.621,0.26377
4993.96,0.621,149.38885074883137,-0.2089460887324508,1271.35852671009,0.41197591434273806,0.00017395563071605376,480.3419536151655,4860.905437304974,1.0005779266357422,4993.96,0.621,0.258203
5171.26,0.621,192.50046142343194,-0.25801388483607246,1429.4519930760212,0.5050028095258265,0.0002404017259333636,517.8663465605332,5033.481616135836,1.0005779266357422,5171.26,0.621,0.25195300000000004
5348.56,0.621,241.19666375675797,-0.3122853884637897,1565.8925323228357,0.6079636365221022,0.0003207230216536871,520.0906723630083,5206.057794966698,1.0005779266357422,5348.56,0.621,0.243652
5525.86,0.621,300.85552731604275,-0.3731393977590345,1675.0808046503334,0.7260750999670482,0.0004160417059826651,471.76222378225907,5378.6339737975595,1.0005779266357422,5525.86,0.621,0.236377
5703.16,0.621,365.62963850849746,-0.4393093111360271,1744.6289501051538,0.8566972024761421,0.000532614677918327,340.74837212087584,5551.210152628421,1.0005779266357422,5703.16,0.621,0.22607399999999997
5880.46,0.621,446.1943485837578,-0.5103299748514584,1764.5017875488513,1.0041676397846415,0.0006617868282834406,98.42667962844189,5723.786331459284,1.0005779266357422,5880.46,0.621,0.218457
6057.76,0.621,533.886773529191,-0.5858054704726083,1724.1074181823906,1.1689259769242097,0.0008188308753109062,-320.85200310876144,5896.362510290146,1.0005779266357422,6057.76,0.621,0.20805700000000002
6235.06,0.621,639.2707249132222,-0.6602709488956966,1620.6631969400128,1.345901593204566,0.0009761482402512347,-952.1698069925478,6068.938689121008,1.0005779266357422,6235.06,0.621,0.20063499999999998
6412.36,0.621,758.3897845834481,-0.7308883613003155,1460.5051323669172,1.531645334462902,0.0011311737458330755,-1856.5126512388251,6241.51486795187,1.0005779266357422,6412.36,0.621,0.194141
6589.66,0.621,886.1363326177379,-0.7991269913080447,1241.9176674435555,1.7363877754778079,0.0013066919573921916,-3196.450004447943,6414.091046782732,1.0005779266357422,6589.66,0.621,0.185352
6766.96,0.621,1033.8962269138647,-0.8469318059998947,1045.5761545612124,1.9046743784609905,0.0013824306592848342,-4609.687815149398,6586.667225613594,1.0005779266357422,6766.96,0.621,0.184863
6944.26,0.621,1181.7482734762334,-0.8967552353391095,794.7472625202089,2.118036314304301,0.0015265447199014734,-6877.809620007465,6759.243404444456,1.0005779266357422,6944.26,0.621,0.17665999999999998
7121.56,0.621,1344.8681285132297,-0.921361874865024,649.2698019269473,2.246404569429112,0.0015106741948079409,-8607.287555981311,6931.819583275318,1.0005779266357422,7121.56,0.621,0.180078
4107.46,0.663,28.904089245339776,-0.050486120741117586,475.14554681856504,0.10760617652738863,3.2556734222369418e-06,159.00529888572532,3991.0864844799044,1.00062894821167,4107.46,0.663,0.274219
4284.76,0.663,44.028586099274776,-0.07242944008556133,630.1109458829129,0.15152739431840895,2.048838126126053e-05,217.57172856420198,4163.363179492951,1.00062894821167,4284.76,0.663,0.272656
4462.06,0.663,62.80745923622237,-0.09848320422110446,793.3923141084582,0.20237322038072258,4.4596716981998394e-05,279.5725110019655,4335.639874505997,1.00062894821167,4462.06,0.663,0.268848
4639.36,0.663,88.97143840579974,-0.13154528157724144,975.0320753520001,0.2667509912469185,7.887646764181836e-05,348.96085131681,4507.916569519042,1.00062894821167,4639.36,0.663,0.266797
4816.66,0.663,118.57781419311618,-0.16814979247440526,1148.7588999242403,0.3363959754643987,0.00012072701078889235,410.4199934089488,4680.193264532089,1.00062894821167,4816.66,0.663,0.26142600000000005
4993.96,0.663,155.85240941583584,-0.2110627058823767,1321.4510584028096,0.4180471207544072,0.00017341725268862852,464.2183629079177,4852.469959545136,1.00062894821167,4993.96,0.663,0.25654299999999997
5171.26,0.663,199.33623688628222,-0.25905046028905376,1480.070317632653,0.5090449914457336,0.00023682215117080854,497.8517040750321,5024.746654558182,1.00062894821167,5171.26,0.663,0.250391
5348.56,0.663,249.3287536516234,-0.3122495507014778,1617.8989493730078,0.6102264683616674,0.00031266755924877975,499.28179254405995,5197.023349571228,1.00062894821167,5348.56,0.663,0.24296900000000002
5525.86,0.663,309.4548592456299,-0.37130642506531997,1728.0678375082312,0.7247637899311643,0.0004016107947689201,453.7099707219834,5369.300044584274,1.00062894821167,5525.86,0.663,0.23613299999999998
5703.16,0.663,375.70400058771384,-0.4351933818667817,1799.6889913057978,0.8508258685889121,0.0005077558566726904,334.5300574566271,5541.576739597321,1.00062894821167,5703.16,0.663,0.2271
5880.46,0.663,455.7251897635829,-0.5034052885947683,1823.7397668044612,0.9915073498972684,0.000625528515190582,116.00341376194547,5713.853434610367,1.00062894821167,5880.46,0.663,0.219775
6057.76,0.663,544.0876838862359,-0.5751592905343548,1791.3433105874262,1.1466448297322875,0.0007631035671829775,-251.45772553106508,5886.130129623413,1.00062894821167,6057.76,0.663,0.210742
6235.06,0.663,646.7467771810248,-0.647148260083678,1698.2909431592575,1.3142898900299436,0.0009073207445407969,-808.5683425245925,6058.4068246364595,1.00062894821167,6235.06,0.663,0.20302699999999999
6412.36,0.663,764.2631077481446,-0.7151004116533538,1551.8012014939393,1.4880941184206353,0.0010440656305455156,-1587.9345510823532,6230.683519649505,1.00062894821167,6412.36,0.663,0.197168
6589.66,0.663,888.0365422708492,-0.7830892485234509,1342.6432533738612,1.6834741333660044,0.001210079989513701,-2763.0473190242174,6402.960214662552,1.00062894821167,6589.66,0.663,0.187842
6766.96,0.663,1034.016167778168,-0.8304555821278907,1154.8714661674912,1.8410441120313488,0.0012769452250400131,-3968.3313857226713,6575.236909675598,1.00062894821167,6766.96,0.663,0.187891
6944.26,0.663,1180.0404398592136,-0.8793508482298077,917.9880757243279,2.032768526578324,0.0013956186960064972,-5814.177443937871,6747.513604688645,1.00062894821167,6944.26,0.663,0.18125
7121.56,0.663,1339.686108837569,-0.908343646501304,752.4996900828944,2.1691254394977086,0.0014076376124403619,-7453.5036849292555,6919.790299701691,1.00062894821167,7121.56,0.663,0.18271500000000002
4107.46,0.705,31.529949750146102,-0.05318636291439348,510.6795461878571,0.1140049828936458,5.326273683142253e-06,160.86985864850385,3984.258351647854,1.000679850578308,4107.46,0.705,0.272266
4284.76,0.705,47.26679095456342,-0.07526426875392761,669.1103587168435,0.1582890473417411,2.2912847893098357e-05,217.0267013223397,4156.240307831765,1.000679850578308,4284.76,0.705,0.27050799999999997
4462.06,0.705,66.93343339674698,-0.10155112817492051,836.6701145842859,0.2097806286891909,4.724926117319247e-05,276.6363761294533,4328.222264015675,1.000679850578308,4462.06,0.705,0.266992
4639.36,0.705,93.7395614184262,-0.13435287418666786,1020.1666218329415,0.27376996715943,8.09787798662459e-05,341.9164469351331,4500.204220199585,1.000679850578308,4639.36,0.705,0.264844
4816.66,0.705,123.83657545732422,-0.17048729557938153,1195.1303344625123,0.34258192507524643,0.00012171242214256738,399.16035750950596,4672.186176383495,1.000679850578308,4816.66,0.705,0.259473
4993.96,0.705,162.15380033453698,-0.21297356670934853,1369.8657693005744,0.42367580820080764,0.00017273806527410543,449.4577213284965,4844.168132567405,1.000679850578308,4993.96,0.705,0.255078
5171.26,0.705,206.1381111541009,-0.2600032279752244,1529.1267086867779,0.5129144581558736,0.00023335315813589793,479.8725682933864,5016.150088751317,1.000679850578308,5171.26,0.705,0.249121
5348.56,0.705,257.2752941835222,-0.3121441413088374,1668.1144580682192,0.6122967271752895,0.0003051070203251274,480.59291740184653,5188.132044935227,1.000679850578308,5348.56,0.705,0.242432
5525.86,0.705,317.57334380476414,-0.3695019944992095,1779.1488066234947,0.7233786824081139,0.0003885093557010409,437.37198832864124,5360.114001119136,1.000679850578308,5525.86,0.705,0.23584000000000002
5703.16,0.705,384.91629766313554,-0.43134688946966876,1852.7700926275038,0.8453088674816149,0.0004860612520088737,328.11640247566595,5532.095957303047,1.000679850578308,5703.16,0.705,0.22778299999999999
5880.46,0.705,464.31192757251347,-0.49712418799841196,1880.6379690088077,0.9801015000522622,0.000594540443501402,129.23823766753128,5704.077913486957,1.000679850578308,5880.46,0.705,0.220654
6057.76,0.705,552.9340328877483,-0.5658505848323514,1855.007905634437,1.1274178668963235,0.0007175605529291905,-197.87072454014606,5876.0598696708685,1.000679850578308,6057.76,0.705,0.212598
6235.06,0.705,653.5058628831357,-0.635509485903451,1771.1205013656113,1.2868741384373208,0.0008500669952489163,-694.4357730273177,6048.041825854779,1.000679850578308,6235.06,0.705,0.20483400000000002
6412.36,0.705,769.6329829236452,-0.7011223242978533,1636.3034743202636,1.4508036889143106,0.0009723682054131051,-1376.6508510584208,6220.023782038688,1.000679850578308,6412.36,0.705,0.199512
6589.66,0.705,890.2259087743932,-0.7682251257073042,1437.6101459569359,1.636723379585784,0.0011270463111677064,-2411.884822062051,6392.005738222599,1.000679850578308,6589.66,0.705,0.190039
6766.96,0.705,1034.2737267507982,-0.8154198580048064,1256.5784202368043,1.7864884861767116,0.001189054511890412,-3464.0050804367893,6563.987694406509,1.000679850578308,6766.96,0.705,0.19028299999999998
6944.26,0.705,1178.3050059667903,-0.8639555470244509,1028.9556259657338,1.964152661820556,0.0012932921054713423,-5030.054415359977,6735.96965059042,1.000679850578308,6944.26,0.705,0.184473
7121.56,0.705,1334.9580628638787,-0.8959464134700367,851.6022775953844,2.1025843960295605,0.0013202090314296552,-6541.96642269921,6907.951606774331,1.000679850578308,7121.56,0.705,0.184766
4107.46,0.747,34.17256147626517,-0.05577040850368012,545.770883116766,0.12019297188848405,7.339326432192778e-06,162.3687784698193,3977.4515184772017,1.0007308721542358,4107.46,0.747,0.27050799999999997
4284.76,0.747,50.47457552978227,-0.0779325768569685,707.2475039420385,0.1647250914416235,2.518577817030472e-05,216.2161598220207,4149.139655239583,1.0007308721542358,4284.76,0.747,0.26855500000000004
4462.06,0.747,71.01415470013512,-0.10442294882237418,878.8565673022367,0.21680421074615264,4.968273617007862e-05,273.6145080247875,4320.827792001963,1.0007308721542358,4462.06,0.747,0.265332
4639.36,0.747,98.51154436570414,-0.13701360834922044,1064.3165969913953,0.2805165540177059,8.289162246620448e-05,335.3200483753469,4492.515928764343,1.0007308721542358,4639.36,0.747,0.26318400000000003
4816.66,0.747,129.07389362616811,-0.1726818766141855,1240.3097831551959,0.3484917566561222,0.00012252996409738208,388.7729512237561,4664.204065526724,1.0007308721542358,4816.66,0.747,0.257813
4993.96,0.747,168.45729952162196,-0.21475987995066537,1416.9545773265831,0.4290679658126678,0.00017195846878136556,435.97922476185295,4835.892202289105,1.0007308721542358,4993.96,0.747,0.253906
5171.26,0.747,212.87299736889418,-0.2608474972017858,1576.6466059985607,0.5165521926985875,0.00022994238200076448,463.52834182023025,5007.580339051486,1.0007308721542358,5171.26,0.747,0.248096
5348.56,0.747,264.96686134541346,-0.3119343336808387,1716.5852357063409,0.6140849289010961,0.0002979455450058039,463.59122690590834,5179.268475813866,1.0007308721542358,5348.56,0.747,0.241992
5525.86,0.747,325.36861854332847,-0.3677084591352081,1828.457718085474,0.7219278908992368,0.00037639305031405467,422.5171296944459,5350.956612576246,1.0007308721542358,5525.86,0.747,0.235596
5703.16,0.747,393.5560413885455,-0.4276858863860978,1904.0054104962735,0.8400451895012906,0.00046661531205460707,321.7961820564052,5522.644749338627,1.0007308721542358,5703.16,0.747,0.22832
5880.46,0.747,472.2069381679921,-0.4912968516146078,1935.4362261851977,0.9695778496467824,0.0005673174447352128,139.51220678341485,5694.332886101008,1.0007308721542358,5880.46,0.747,0.22128899999999999
6057.76,0.747,560.9304913627798,-0.5574192993154202,1915.8105792005301,1.11021141514391,0.0006786526114712948,-154.64613452280764,5866.021022863389,1.0007308721542358,6057.76,0.747,0.21401399999999998
6235.06,0.747,659.5762797015695,-0.6250049670468354,1840.0652665507125,1.2625690844293596,0.0008013919838307587,-601.6509417103825,6037.709159625769,1.0007308721542358,6235.06,0.747,0.20620100000000002
6412.36,0.747,774.5988845103702,-0.6884550957503062,1715.657516768035,1.417945764429799,0.0009114912177967298,-1205.1394276075898,6209.397296388149,1.0007308721542358,6412.36,0.747,0.201416
6589.66,0.747,892.3827587467213,-0.7545074488308832,1527.12575582521,1.5952606399494909,0.0010556522688769576,-2124.9845400768427,6381.08543315053,1.0007308721542358,6589.66,0.747,0.191895
6766.96,0.747,1034.5637745003733,-0.8015094458055789,1352.3515193401226,1.7385498533294275,0.0011139907007706215,-3055.902588697414,6552.773569912911,1.0007308721542358,6766.96,0.747,0.192236
6944.26,0.747,1176.7881069636942,-0.8495854934585341,1133.5031139116998,1.9047570932698186,0.0012068247030119846,-4407.281557042832,6724.461706675292,1.0007308721542358,6944.26,0.747,0.187109
7121.56,0.747,1330.6146549358791,-0.8839180539512921,948.183983039344,2.043220354597615,0.001243332566625834,-5794.44984209305,6896.149843437672,1.0007308721542358,7121.56,0.747,0.186523
4107.46,0.789,36.82911376321073,-0.058240824000094456,580.3755910814922,0.12617157846730392,9.286843422690039e-06,163.5264665807622,3970.5181114566326,1.0007818937301636,4107.46,0.789,0.268945
4284.76,0.789,53.795933261523885,-0.0805677946851216,745.3905296975101,0.1711495326910938,2.741916340086859e-05,215.49591757303688,4141.906965191364,1.0007818937301636,4284.76,0.789,0.266992
4462.06,0.789,75.13833872261091,-0.10717362343716741,920.3619919230734,0.22361831491594986,5.1963564453311975e-05,270.6591083313417,4313.295818926096,1.0007818937301636,4462.06,0.789,0.263965
4639.36,0.789,103.19245448076106,-0.1394623172292757,1107.1180410763577,0.28682965775312086,8.455235512201166e-05,328.8970224725265,4484.684672660827,1.0007818937301636,4639.36,0.789,0.261719
4816.66,0.789,134.30319997439938,-0.17473243143794792,1284.3100245920436,0.35412547141910267,0.00012316633399146704,379.0738162521902,4656.073526395559,1.0007818937301636,4816.66,0.789,0.256445
4993.96,0.789,174.56142745365423,-0.21631565695667387,1462.352895783747,0.43395366859481155,0.00017098618158295134,423.31643953703133,4827.462380130291,1.0007818937301636,4993.96,0.789,0.25288099999999997
5171.26,0.789,219.30216626684978,-0.2614775588370928,1622.3741768190343,0.5196791000037153,0.00022650343265281843,448.31188349428385,4998.851233865023,1.0007818937301636,5171.26,0.789,0.24716799999999997
5348.56,0.789,272.3761435861859,-0.31158126711087974,1763.3184344556705,0.6155054603214447,0.00029104895491708006,447.9174459677731,5170.240087599755,1.0007818937301636,5348.56,0.789,0.24165
5525.86,0.789,332.7911000506183,-0.3658633822827825,1876.0252084713468,0.7202705899940907,0.00036502671713277174,408.82013113794824,5341.628941334486,1.0007818937301636,5525.86,0.789,0.2354
5703.16,0.789,401.52569179848615,-0.4241172283356234,1953.474844450756,0.8348103127643409,0.00044897376867286307,315.49625280116834,5513.017795069218,1.0007818937301636,5703.16,0.789,0.22871100000000003
5880.46,0.789,479.37037947199633,-0.48577808415956314,1988.3111477128664,0.9595933972823696,0.0005430167790396638,147.4958034654003,5684.40664880395,1.0007818937301636,5880.46,0.789,0.221729
6057.76,0.789,568.0607531433957,-0.5496246629167916,1974.1632255871884,1.0944071812575102,0.0006447571879779047,-119.17581850117176,5855.795502538681,1.0007818937301636,6057.76,0.789,0.215088
6235.06,0.789,664.8955409825294,-0.6153466746006577,1905.8234175676682,1.2405077335912305,0.000759200122530218,-524.7558393471272,6027.184356273413,1.0007818937301636,6235.06,0.789,0.207227
6412.36,0.789,779.0375938898419,-0.6767927279877948,1790.8601965976197,1.3883678223255989,0.0008588304759645845,-1063.1048922247392,6198.573210008144,1.0007818937301636,6412.36,0.789,0.202979
6589.66,0.789,894.267510635782,-0.7417386220642179,1612.048740294427,1.5579117813993353,0.0009935165084285797,-1886.7898397968547,6369.962063742876,1.0007818937301636,6589.66,0.789,0.193457
6766.96,0.789,1034.6588080530564,-0.7885075351971406,1443.279211394376,1.6956116538625214,0.0010488157738328758,-2718.8255226010624,6541.350917477608,1.0007818937301636,6766.96,0.789,0.193848
6944.26,0.789,1175.17097054039,-0.8361263135437542,1232.4848831636505,1.8524338107474132,0.0011327372705358051,-3902.155243014775,6712.739771212339,1.0007818937301636,6944.26,0.789,0.18925799999999998
7121.56,0.789,1326.213007811919,-0.8724525209357195,1041.1540276754267,1.9904075340601581,0.001176414617564225,-5179.9513016309975,6884.128624947071,1.0007818937301636,7121.56,0.789,0.187891
4107.46,0.832,39.72628047532214,-0.06082042541076844,616.5731263608793,0.13247511924031424,1.1338470031088194e-05,164.86715162097926,3963.421407032013,1.0008341073989868,4107.46,0.832,0.267773
4284.76,0.832,57.08440157735595,-0.08304271830330368,783.0890830052065,0.17725539102585863,2.9497948993893687e-05,214.35572593279016,4134.503928947449,1.0008341073989868,4284.76,0.832,0.26543
4462.06,0.832,79.29720333672185,-0.10980051216459286,961.7181165302877,0.23021289526282995,5.4089292580598966e-05,267.54498389815694,4305.586450862885,1.0008341073989868,4462.06,0.832,0.26269499999999996
4639.36,0.832,107.87270768008227,-0.1417683873320265,1149.6123599532725,0.29287238018395667,8.602820117908103e-05,322.5294611319864,4476.66897277832,1.0008341073989868,4639.36,0.832,0.260352
4816.66,0.832,139.51228497926297,-0.17663623061391104,1327.9290096821044,0.3594726133679945,0.00012362334693152307,369.67962833940896,4647.751494693756,1.0008341073989868,4816.66,0.832,0.255176
4993.96,0.832,180.71824401736149,-0.21776117498999803,1507.4636707564944,0.43864313478210804,0.00016989642626701686,411.2839546675882,4818.834016609192,1.0008341073989868,4993.96,0.832,0.252002
5171.26,0.832,225.77826049828786,-0.26201899648892885,1667.7658541817075,0.5226454477526319,0.00022304850879378656,433.9840597765508,4989.916538524628,1.0008341073989868,5171.26,0.832,0.246387
5348.56,0.832,279.787747628146,-0.31114975623465185,1809.643669497285,0.6167693425226934,0.00028432321919642263,433.20604948847904,5160.999060440064,1.0008341073989868,5348.56,0.832,0.24140599999999998
5525.86,0.832,340.036528588937,-0.36397892473504756,1923.1354021422483,0.7184874117925772,0.0003542107960242652,395.9029964200015,5332.0815823554985,1.0008341073989868,5525.86,0.832,0.23520500000000003
5703.16,0.832,409.0779568473231,-0.4206089490610541,2002.481441317542,0.8296066815834537,0.0004326473681991629,309.14642817193385,5503.164104270935,1.0008341073989868,5703.16,0.832,0.22895500000000002
5880.46,0.832,486.03470641987997,-0.48047421139934,2040.6240257910817,0.949999273135776,0.0005208594238348208,153.7423490572185,5674.246626186371,1.0008341073989868,5880.46,0.832,0.221973
6057.76,0.832,574.6062580760272,-0.5422723803368013,2031.5912858276404,1.079600691946787,0.0006144421823674666,-89.27243084496831,5845.329148101807,1.0008341073989868,6057.76,0.832,0.215869
6235.06,0.832,669.6029822162313,-0.6063201250401408,1970.0803808461155,1.2201151856396208,0.0007218683149575381,-459.5150003126323,6016.411670017243,1.0008341073989868,6235.06,0.832,0.20790999999999998
6412.36,0.832,783.0429572335906,-0.665892045372428,1863.7792975131515,1.3612605043076522,0.0008123629739693206,-942.6069821872052,6187.4941919326775,1.0008341073989868,6412.36,0.832,0.204199
6589.66,0.832,896.5179049527023,-0.7292252568265783,1695.7355701558356,1.5225051655688806,0.000935916707167043,-1677.5104771288843,6358.576713848114,1.0008341073989868,6589.66,0.832,0.19506800000000002
6766.96,0.832,1034.7172914775574,-0.7760686455530257,1531.7743153080355,1.6560675587433957,0.000990424010921687,-2430.743743042165,6529.65923576355,1.0008341073989868,6766.96,0.832,0.195215
6944.26,0.832,1173.6369838497421,-0.8231461571991616,1328.9630328987137,1.804604052000034,0.00106661733075847,-3474.6239737839314,6700.741757678986,1.0008341073989868,6944.26,0.832,0.191113
7121.56,0.832,1321.9149266535542,-0.8611626802425346,1133.4163627114128,1.9414851590313793,0.0011155060806353732,-4651.807816784265,6871.824279594422,1.0008341073989868,7121.56,0.832,0.18906199999999998
4107.46,0.874,42.23071275206314,-0.06292686541990901,648.962780997893,0.13768382998675605,1.3023028012378116e-05,165.08513081516116,3956.5825019574168,1.0008783340454102,4107.46,0.874,0.26621100000000003
4284.76,0.874,60.138791414993534,-0.08522741506138692,818.410713066899,0.18270758577469343,3.1312731871617564e-05,212.85189107100223,4127.369820055962,1.0008783340454102,4284.76,0.874,0.263867
4462.06,0.874,83.17362323444081,-0.11211608818209495,1000.5392231118067,0.2361058473469415,5.590999205101451e-05,264.2681586425315,4298.157138154507,1.0008783340454102,4462.06,0.874,0.26142600000000005
4639.36,0.874,112.30134187265469,-0.14382987935563535,1189.8263034069676,0.2983594258651072,8.727085472285491e-05,316.49932741754174,4468.944456253052,1.0008783340454102,4639.36,0.874,0.25908200000000003
4816.66,0.874,144.29574472983813,-0.17824912314987768,1368.8660822272793,0.3641207933023839,0.000123861556919142,360.84425952519405,4639.731774351597,1.0008783340454102,4816.66,0.874,0.253906
4993.96,0.874,186.27043528085233,-0.21890472076247885,1549.713041916474,0.4425585859907468,0.0001687056683949119,400.07590986781315,4810.519092450142,1.0008783340454102,4993.96,0.874,0.251025
5171.26,0.874,231.60085948603933,-0.26234996520996845,1710.4486158373736,0.5250026819254994,0.00021977220951552718,420.8555397146745,4981.306410548687,1.0008783340454102,5171.26,0.874,0.245508
5348.56,0.874,286.4666151119061,-0.3106102443078277,1853.3603273332233,0.6176043832149809,0.0002781943290940673,419.8210112622071,5152.093728647233,1.0008783340454102,5348.56,0.874,0.24101599999999998
5525.86,0.874,346.63436708003337,-0.3621620783921762,1967.7382119121255,0.7166594605873804,0.00034451154755034267,384.19079092478205,5322.881046745777,1.0008783340454102,5525.86,0.874,0.23491199999999998
5703.16,0.874,416.14767213627783,-0.41734938719785436,2048.903669228554,0.8248000691566508,0.000418075559733191,303.22649398366707,5493.668364844322,1.0008783340454102,5703.16,0.874,0.22915
5880.46,0.874,492.4838695995709,-0.47557048361177556,2090.0773595776977,0.9412538826619685,0.0005009788384135437,158.84313419721343,5664.4556829428675,1.0008783340454102,5880.46,0.874,0.222266
6057.76,0.874,581.0877485677779,-0.5354795818108352,2085.7181495204372,1.0661554504197637,0.0005873252838691057,-63.832621990530015,5835.243001041413,1.0008783340454102,6057.76,0.874,0.21669899999999997
6235.06,0.874,674.7602179016744,-0.5977971977738967,2030.766269965432,1.2012923940289966,0.0006876345219545979,-402.59631968419126,6006.030319139958,1.0008783340454102,6235.06,0.874,0.20883800000000002
6412.36,0.874,787.6806009014963,-0.6555296890811582,1932.7831973268308,1.3361867066707878,0.0007697913965347123,-837.9593933126689,6176.817637238502,1.0008783340454102,6412.36,0.874,0.20566399999999999
6589.66,0.874,900.6380598743381,-0.716443753552746,1777.6804593634058,1.4878224529970714,0.0008791981595889502,-1486.5918411471503,6347.604955337048,1.0008783340454102,6589.66,0.874,0.19751
6766.96,0.874,1035.8842407844422,-0.7637915921012719,1617.561281445391,1.6186451376608026,0.0009354777536481117,-2177.6466129344044,6518.392273435593,1.0008783340454102,6766.96,0.874,0.196973
6944.26,0.874,1173.0737718664186,-0.8104451553667016,1422.3136384307943,1.7601996629314205,0.0010058036019382228,-3107.429029867124,6689.179591534138,1.0008783340454102,6944.26,0.874,0.193164
7121.56,0.874,1318.6341183883933,-0.8498371634467996,1224.7106115293263,1.8952754641274274,0.0010581216652500803,-4190.85334826488,6859.966909632683,1.0008783340454102,7121.56,0.874,0.190527
4107.46,0.916,44.126846237951895,-0.06441415856966183,676.5580165941923,0.1414084352014004,1.4211381720641482e-05,163.7787853433922,3949.9321111273766,1.0008783340454102,4107.46,0.916,0.263867
4284.76,0.916,62.244891011089976,-0.08658490607043051,847.8115988524439,0.18616498204618265,3.2394847826062545e-05,209.52327462380345,4120.432362694741,1.0008783340454102,4284.76,0.916,0.261328
4462.06,0.916,85.89656292406448,-0.11355095103205859,1033.6393253263782,0.2398598010742916,5.692493220285324e-05,259.29518337255354,4290.932614262105,1.0008783340454102,4462.06,0.916,0.25918
4639.36,0.916,115.34533315984618,-0.14500288907430525,1224.765088490057,0.3016411904638836,8.773770638766164e-05,309.0851941917372,4461.432865829467,1.0008783340454102,4639.36,0.916,0.256836
4816.66,0.916,147.616436180601,-0.17907610709286725,1405.4609628523642,0.3667607491692578,0.00012351234820981628,351.1728652284439,4631.933117396831,1.0008783340454102,4816.66,0.916,0.251758
4993.96,0.916,190.41807506663986,-0.21945038992490662,1588.784161474781,0.4448614529581155,0.0001672503801910069,388.65875531665665,4802.433368964195,1.0008783340454102,4993.96,0.916,0.24931599999999998
5171.26,0.916,235.968039120585,-0.26223502891223965,1750.6711492581499,0.5260346844846424,0.00021660850272619257,407.9497031853284,4972.933620531559,1.0008783340454102,5171.26,0.916,0.243945
5348.56,0.916,291.7106267595109,-0.3098149845605169,1895.2529911921538,0.6174970818998768,0.00027267808979501603,406.8954187765912,5143.4338720989235,1.0008783340454102,5348.56,0.916,0.23999
5525.86,0.916,352.32856799419756,-0.3603581965555692,2011.0212177512894,0.7145822532846215,0.0003358291178975916,373.07730716470473,5313.934123666286,1.0008783340454102,5525.86,0.916,0.23427699999999999
5703.16,0.916,423.3772030573459,-0.4142827077095348,2094.052415942091,0.8204212496219472,0.00040447021018355235,297.8201139904304,5484.43437523365,1.0008783340454102,5703.16,0.916,0.229492
5880.46,0.916,500.0938673271048,-0.47082688324315536,2137.993630191866,0.9331751559017027,0.00048148527598657173,164.17490947708802,5654.934626801014,1.0008783340454102,5880.46,0.916,0.22314499999999998
6057.76,0.916,590.314700386944,-0.5284636193900848,2138.2692738410874,1.0530221761543284,0.0005587241255388023,-37.4814011340502,5825.434878368378,1.0008783340454102,6057.76,0.916,0.21879899999999997
6235.06,0.916,683.928451609574,-0.5883295121292342,2090.965784212446,1.1815127189186483,0.0006489114582199069,-342.18471077775484,5995.935129935742,1.0008783340454102,6235.06,0.916,0.211621
6412.36,0.916,796.916393973278,-0.643561924436225,2003.3800265392622,1.3087375577625808,0.000720607827454185,-727.0331838357633,6166.4353815031045,1.0008783340454102,6412.36,0.916,0.209277
6589.66,0.916,909.9610241176215,-0.7011965740825361,1864.95346881437,1.4487573821534445,0.0008130263505600609,-1285.083914538296,6336.935633070469,1.0008783340454102,6589.66,0.916,0.202441
6766.96,0.916,1042.1909601066518,-0.7483300695646251,1713.6105562952355,1.5743784491786235,0.0008678231366918386,-1901.5689483035221,6507.435884637833,1.0008783340454102,6766.96,0.916,0.201416
6944.26,0.916,1177.5929483565114,-0.7939146709097494,1531.5510009441095,1.706459186998476,0.000929555681054668,-2704.1098995510365,6677.936136205197,1.0008783340454102,6944.26,0.916,0.198096
7121.56,0.916,1320.0190545001642,-0.8342396072710541,1337.861195059657,1.836698683455682,0.0009821070735788662,-3667.266238533255,6848.436387772561,1.0008783340454102,7121.56,0.916,0.19502
4107.46,0.958,45.88800345969673,-0.06573740005265186,702.9005367668473,0.14475248158933118,1.5266385648519872e-05,162.2163561871008,3943.3456192815306,1.0008783340454102,4107.46,0.958,0.261523
4284.76,0.958,64.3307182897417,-0.08788608770750939,876.7406477057898,0.18950526077880192,3.3420388451508036e-05,206.36004751233577,4113.561562540532,1.0008783340454102,4284.76,0.958,0.258984
4462.06,0.958,88.39683938214705,-0.11478904756009267,1065.2668544008645,0.24315067740083196,5.7754232418574e-05,254.30358819750904,4283.777505799532,1.0008783340454102,4462.06,0.958,0.256934
4639.36,0.958,117.99390797837452,-0.14590927702147288,1257.7895316114407,0.30427080755842517,8.797379696242735e-05,301.70752887800177,4453.993449058532,1.0008783340454102,4639.36,0.958,0.254492
4816.66,0.958,150.90999344580962,-0.1798600984384615,1441.2735229952193,0.36930880807204225,0.00012314018684229727,342.18500484030596,4624.2093923175335,1.0008783340454102,4816.66,0.958,0.24980500000000003
4993.96,0.958,194.0107763773874,-0.21975416258527997,1626.091325832934,0.44652209821389377,0.00016571034132254917,377.6862422070469,4794.425335576534,1.0008783340454102,4993.96,0.958,0.24746100000000001
5171.26,0.958,239.65252662070452,-0.26191159157436084,1789.224666172066,0.5264556206812006,0.00021353410527875395,395.65728511811153,4964.641278835536,1.0008783340454102,5171.26,0.958,0.24218800000000001
5348.56,0.958,296.266736611708,-0.3088997848511328,1935.713189262908,0.6169552893658927,0.00026752199321147644,394.68337390652846,5134.857222094536,1.0008783340454102,5348.56,0.958,0.23876999999999998
5525.86,0.958,356.9378945493861,-0.35850178808272326,2052.9363051985824,0.7121008592184319,0.0003280350775502781,362.3844115315919,5305.073165353536,1.0008783340454102,5525.86,0.958,0.233252
5703.16,0.958,429.16632210598027,-0.41134166237989295,2137.961346461495,0.8159221857747925,0.0003926886391576101,291.98972524130863,5475.289108612537,1.0008783340454102,5703.16,0.958,0.229248
5880.46,0.958,505.99850130403047,-0.46649412409709945,2184.5870708416287,0.9255518998423631,0.0004650959671591323,167.27571994795542,5645.505051871538,1.0008783340454102,5880.46,0.958,0.223291
6057.76,0.958,597.2614767299374,-0.52235695510821,2188.8802578236937,1.0413971384638947,0.0005357020773101907,-17.84604555783153,5815.720995130539,1.0008783340454102,6057.76,0.958,0.219824
6235.06,0.958,690.5060956443526,-0.5803779612865072,2147.674965177143,1.1648135698165611,0.0006187802480218356,-296.56920779057964,5985.93693838954,1.0008783340454102,6235.06,0.958,0.21308600000000003
6412.36,0.958,803.5783407953722,-0.6336663689178678,2068.086346694909,1.2862043732249,0.0006828666074792045,-643.3039572177377,6156.15288164854,1.0008783340454102,6412.36,0.958,0.21142600000000003
6589.66,0.958,916.5845986160357,-0.6888845103545906,1941.7504354566317,1.4178662796232233,0.0007637989335149884,-1136.8899153726343,6326.368824907541,1.0008783340454102,6589.66,0.958,0.205566
6766.96,0.958,1046.4565160561906,-0.7356439768092453,1797.7373536330197,1.5390855172627416,0.0008166536070874958,-1695.5790223346385,6496.584768166542,1.0008783340454102,6766.96,0.958,0.204248
6944.26,0.958,1180.4884918524149,-0.7802539755455615,1626.0567542038407,1.663903996399167,0.0008719042106743143,-2404.9865432495117,6666.800711425543,1.0008783340454102,6944.26,0.958,0.20136700000000002
7121.56,0.958,1320.374464609351,-0.8210431557898243,1436.7187313272118,1.7897385941963075,0.0009234811494547306,-3273.4959829265717,6837.016654684544,1.0008783340454102,7121.56,0.958,0.198047
